,rank,title,writer,year,citations,url
0,1,[PDF][PDF] Genetic algorithms and machine learning,"DE Goldberg, JH Holland -  - deepblue.lib.umich.edu",1988, 3305,https://deepblue.lib.umich.edu/bitstream/handle/2027.42/46947/10994_2005_Article_422926.pdf
1,2,Machine learning,"XD Zhang - A Matrix Algebra Approach to Artificial Intelligence,  - Springer",2020, 112,https://link.springer.com/chapter/10.1007/978-981-15-2770-8_6
2,3,[PDF][PDF] Scikit-learn: Machine learning in Python,"F Pedregosa, G Varoquaux, A Gramfort… - … of machine Learning …,  - jmlr.org",2011, 44158,https://www.jmlr.org/papers/volume12/pedregosa11a/pedregosa11a.pdf?source=post_page---------------------------
3,4,"Machine learning: Trends, perspectives, and prospects","MI Jordan, TM Mitchell - Science,  - science.sciencemag.org",2015, 2938,https://science.sciencemag.org/content/349/6245/255.abstract
4,5,[書籍][B] Encyclopedia of machine learning,"C Sammut, GI Webb -  - books.google.com",2011, 1262,https://books.google.co.jp/books?hl=ja&lr=lang_ja|lang_en&id=i8hQhp1a62UC&oi=fnd&pg=PT29&dq=machine+learning&ots=91l7wseAfO&sig=IuVonrHpg8v671r9mnIE7tC6qQ4
5,6,Ensemble methods in machine learning,"TG Dietterich - International workshop on multiple classifier systems,  - Springer",2000, 7528,https://link.springer.com/chapter/10.1007/3-540-45014-9_1
6,7,What is machine learning?,"I El Naqa, MJ Murphy - machine learning in radiation oncology,  - Springer",2015, 156,https://link.springer.com/chapter/10.1007/978-3-319-18305-3_1
7,8,[書籍][B] Foundations of machine learning,"M Mohri, A Rostamizadeh, A Talwalkar -  - books.google.com",2018, 3327,https://books.google.co.jp/books?hl=ja&lr=lang_ja|lang_en&id=dWB9DwAAQBAJ&oi=fnd&pg=PR5&dq=machine+learning&ots=AyqPTQs_s3&sig=wtLCvdij3_nHd4NdHq3aghyssXg
8,9,Machine-learning research,"TG Dietterich - AI magazine,  - ojs.aaai.org",1997, 1970,https://ojs.aaai.org/index.php/aimagazine/article/view/1324
9,10,[PDF][PDF] Learnware: on the future of machine learning.,"ZH Zhou - Frontiers Comput. Sci.,  - academia.edu",2016, 84,https://www.academia.edu/download/49496472/2016_-_Zhou_-_Learnware_on_the_future_of_machine_learning.pdf
10,1,[書籍][B] Machine learning: a probabilistic perspective,KP Murphy -  - books.google.com,2012, 9449,https://books.google.co.jp/books?hl=ja&lr=lang_ja|lang_en&id=RC43AgAAQBAJ&oi=fnd&pg=PR7&dq=machine+learning&ots=umiu8yNr_b&sig=HdAu3Xnl0-dZYRLKZRqz04ug01M
11,2,A few useful things to know about machine learning,"P Domingos - Communications of the ACM,  - dl.acm.org",2012, 2855,https://dl.acm.org/doi/pdf/10.1145/2347736.2347755
12,3,[PDF][PDF] Torch7: A matlab-like environment for machine learning,"R Collobert, K Kavukcuoglu… - BigLearn, NIPS …,  - infoscience.epfl.ch",2011, 1756,https://infoscience.epfl.ch/record/192376/files/Collobert_NIPSWORKSHOP_2011.pdf
13,4,[PDF][PDF] Dlib-ml: A machine learning toolkit,"DE King - The Journal of Machine Learning Research,  - jmlr.org",2009, 2331,https://www.jmlr.org/papers/volume10/king09a/king09a.pdf
14,5,Machine learning in materials science,"J Wei, X Chu, XY Sun, K Xu, HX Deng, J Chen, Z Wei… - InfoMat,  - Wiley Online Library",2019, 84,https://onlinelibrary.wiley.com/doi/abs/10.1002/inf2.12028
15,6,The ALAMO approach to machine learning,"ZT Wilson, NV Sahinidis - Computers & Chemical Engineering,  - Elsevier",2017, 98,https://www.sciencedirect.com/science/article/pii/S0098135417300662
16,7,[書籍][B] MATLAB machine learning,"M Paluszek, S Thomas -  - books.google.com",2016, 71,https://books.google.co.jp/books?hl=ja&lr=lang_ja|lang_en&id=3kXODQAAQBAJ&oi=fnd&pg=PR6&dq=machine+learning&ots=ZMJqTI7blQ&sig=DEhqW1i-33_QZBXKi7cg89qlqtM
17,8,[書籍][B] Bioinformatics: the machine learning approach,"P Baldi, S Brunak, F Bach -  - books.google.com",2001, 1848,https://books.google.co.jp/books?hl=ja&lr=lang_ja|lang_en&id=pxSM7R1sdeQC&oi=fnd&pg=PR9&dq=machine+learning&ots=SNGCF6XWYu&sig=X9nfuQ1fWNgTGZ8fCawvFad6JJo
18,9,ModelDB: a system for machine learning model management,"M Vartak, H Subramanyam, WE Lee… - Proceedings of the …,  - dl.acm.org",2016, 139,https://dl.acm.org/doi/abs/10.1145/2939502.2939516
19,1,[書籍][B] Machine learning: an algorithmic perspective,S Marsland -  - taylorfrancis.com,2011, 1921,https://www.taylorfrancis.com/books/mono/10.1201/9781420067194/machine-learning-stephen-marsland
20,2,The boosting approach to machine learning: An overview,"RE Schapire - Nonlinear estimation and classification,  - Springer",2003, 2382,https://link.springer.com/chapter/10.1007/978-0-387-21579-2_9
21,3, UCI machine learning repository,"A Asuncion, D Newman -  - ergodicity.net",2007, 4790,https://ergodicity.net/2013/07/
22,4,Selection of relevant features and examples in machine learning,"AL Blum, P Langley - Artificial intelligence,  - Elsevier",1997, 4089,https://www.sciencedirect.com/science/article/pii/S0004370297000635
23,5,[書籍][B] Introduction to machine learning,E Alpaydin -  - books.google.com,2020, 9613,https://books.google.co.jp/books?hl=ja&lr=lang_ja|lang_en&id=tZnSDwAAQBAJ&oi=fnd&pg=PR7&dq=machine+learning&ots=F3UP4W7qAk&sig=oXKYWdVK9AF5xt7dKKTHskQScSI
24,6,Machine learning: a guide to current research,"TM Mitchell, JG Carbonell, RS Michalski -  - books.google.com",1986, 130,https://books.google.co.jp/books?hl=ja&lr=lang_ja|lang_en&id=I5GcpyPx3RwC&oi=fnd&pg=PA1&dq=machine+learning&ots=obt_Epps0l&sig=biY_AlZ-a3V_Mvus8995-_qBqAI
25,7,Machine learning in the air,"D Gündüz, P de Kerret, ND Sidiropoulos… - IEEE Journal on …,  - ieeexplore.ieee.org",2019, 91,https://ieeexplore.ieee.org/abstract/document/8839651/
26,8,A survey of optimization methods from a machine learning perspective,"S Sun, Z Cao, H Zhu, J Zhao - IEEE transactions on cybernetics,  - ieeexplore.ieee.org",2019, 110,https://ieeexplore.ieee.org/abstract/document/8903465/
27,9,A review of machine learning,"DM Dutton, GV Conroy - The knowledge engineering review,  - cambridge.org",1997, 91,https://www.cambridge.org/core/journals/knowledge-engineering-review/article/review-of-machine-learning/9C74F5743FEC275A4B9C2590661321A2
28,10,"Machine learning, neural and statistical classification","D Michie, DJ Spiegelhalter, CC Taylor -  - Citeseer",1994, 3919,http://citeseerx.ist.psu.edu/viewdoc/summary?doi=10.1.1.27.355
29,1, Application of machine learning in microbiology,"K Qu, F Guo, X Liu, Y Lin, Q Zou - Frontiers in microbiology,  - frontiersin.org",2019, 69,https://www.frontiersin.org/articles/10.3389/fmicb.2019.00827/full
30,2,[書籍][B] Machine learning: An artificial intelligence approach,"RS Michalski, JG Carbonell, TM Mitchell -  - books.google.com",2013, 2638,https://books.google.co.jp/books?hl=ja&lr=lang_ja|lang_en&id=-eqpCAAAQBAJ&oi=fnd&pg=PA2&dq=machine+learning&ots=Wm2LJy4Dn8&sig=sLDTLJWxTorAfCWeNOaBlctAti4
31,3, A review of studies on machine learning techniques,"Y Singh, PK Bhatia, O Sangwan - International Journal of …,  - books.google.com",2007, 107,https://books.google.co.jp/books?hl=ja&lr=lang_ja|lang_en&id=7xRB3hRaR2sC&oi=fnd&pg=PA70&dq=machine+learning&ots=J1o-qdyZfO&sig=wJqgdRDfpYiZfPawmgmg5hlpfzg
32,4,A quick review of machine learning algorithms,"S Ray -  International conference on machine learning …,  - ieeexplore.ieee.org",20192019, 98,https://ieeexplore.ieee.org/abstract/document/8862451/
33,5,[書籍][B] Machine learning: the art and science of algorithms that make sense of data,P Flach -  - books.google.com,2012, 1174,https://books.google.co.jp/books?hl=ja&lr=lang_ja|lang_en&id=Ofp4h_oXsZ4C&oi=fnd&pg=PR15&dq=machine+learning&ots=XLrThkbqSV&sig=Rk9PRnY6EXWgBJ4v0ORIGZItdvA
34,6,[書籍][B] Dataset shift in machine learning,"J Quiñonero-Candela, M Sugiyama, ND Lawrence… -  - books.google.com",2009, 985,https://books.google.co.jp/books?hl=ja&lr=lang_ja|lang_en&id=qJ0jEAAAQBAJ&oi=fnd&pg=PR9&dq=machine+learning&ots=3wwRM_c6Kl&sig=IleLbOUDyPOdHNpHYRT-wcIFdpI
35,7,Machine learning: A historical and methodological analysis,"JG Carbonell, RS Michalski, TM Mitchell - AI Magazine,  - ojs.aaai.org",1983, 91,https://ojs.aaai.org/index.php/aimagazine/article/view/406
36,8,Three pitfalls to avoid in machine learning,P Riley -  - nature.com,2019, 77,https://www.nature.com/articles/d41586-019-02307-y
37,9,(Machine) learning to do more with less,"T Cohen, M Freytsis, B Ostdiek - Journal of High Energy Physics,  - Springer",2018, 54,https://link.springer.com/article/10.1007/JHEP02(2018)034
38,10,[PDF][PDF] Mllib: Machine learning in apache spark,"X Meng, J Bradley, B Yavuz, E Sparks… - … of Machine Learning …,  - jmlr.org",2016, 1776,https://www.jmlr.org/papers/volume17/15-237/15-237.pdf
39,1,Dadiannao: A machine-learning supercomputer,"Y Chen, T Luo, S Liu, S Zhang, L He… -  th Annual …,  - ieeexplore.ieee.org",2014472014, 1282,https://ieeexplore.ieee.org/abstract/document/7011421/
40,2,[PDF][PDF] Waffles: A Machine Learning Toolkit,"M Gashler - The Journal of Machine Learning Research,  - jmlr.org",2011, 77,https://www.jmlr.org/papers/volume12/gashler11a/gashler11a.pdf
41,3,[書籍][B] Machine learning for dummies,"JP Mueller, L Massaron -  - books.google.com",2021, 102,https://books.google.co.jp/books?hl=ja&lr=lang_ja|lang_en&id=--ASEAAAQBAJ&oi=fnd&pg=PP1&dq=machine+learning&ots=frVmcenTeE&sig=1kTjD19soTb6j8ATXWLZARcZ1Wg
42,4,Supervised machine learning: A review of classification techniques,"SB Kotsiantis, I Zaharakis, P Pintelas - … intelligence applications in …,  - books.google.com",2007, 5254,https://books.google.co.jp/books?hl=ja&lr=lang_ja|lang_en&id=vLiTXDHr_sYC&oi=fnd&pg=PA3&dq=machine+learning&ots=CZnrsu_Fhi&sig=sq0HnM1E5Ae2gOA8zQolD0S5n7M
43,5,mlpy: Machine learning python,"D Albanese, R Visintainer, S Merler… - arXiv preprint arXiv …,  - arxiv.org",2012, 87,https://arxiv.org/abs/1202.6548
44,6,Pileup mitigation with machine learning (PUMML),"PT Komiske, EM Metodiev, B Nachman… - Journal of High Energy …,  - Springer",2017, 81,https://link.springer.com/article/10.1007/JHEP12(2017)051
45,7,Kernel methods in machine learning,"T Hofmann, B Schölkopf, AJ Smola - The annals of statistics,  - projecteuclid.org",2008, 1870,https://projecteuclid.org/journals/annals-of-statistics/volume-36/issue-3/Kernel-methods-in-machine-learning/10.1214/009053607000000677.short
46,8,[書籍][B] Interpretable machine learning,C Molnar -  - books.google.com,2020, 1281,https://books.google.co.jp/books?hl=ja&lr=lang_ja|lang_en&id=jBm3DwAAQBAJ&oi=fnd&pg=PP1&dq=machine+learning&ots=EguPUkEFRY&sig=45BKRFAGIeMLlagjiwNHnsBgaog
47,9,"The immune system, adaptation, and machine learning","JD Farmer, NH Packard, AS Perelson - Physica D: Nonlinear Phenomena,  - Elsevier",1986, 2086,https://www.sciencedirect.com/science/article/pii/016727898690240X
48,10,Online machine learning,"Ó Fontenla-Romero, B Guijarro-Berdiñas… - … Scalability Methods for …,  - igi-global.com",2013, 49,https://www.igi-global.com/chapter/content/76468
49,1,[書籍][B] A first course in machine learning,"S Rogers, M Girolami -  - taylorfrancis.com",2016, 240,https://www.taylorfrancis.com/books/mono/10.1201/9781315382159/first-course-machine-learning-simon-rogers-mark-girolami
50,2,Data mining: practical machine learning tools and techniques with Java implementations,"IH Witten, E Frank - Acm Sigmod Record,  - dl.acm.org",2002, 43329,https://dl.acm.org/doi/pdf/10.1145/507338.507355
51,3,Machine Learning,"H Simon - An Artificial Intelligence Approach,  - mkang.faculty.unlv.edu",1983, 64,http://mkang.faculty.unlv.edu/teaching/CS489_689/02.Introduction%20to%20ML_and_Journals.pdf
52,4,[書籍][B] Group theoretical methods in machine learning,IR Kondor -  - search.proquest.com,2008, 93,https://search.proquest.com/openview/d8ae7d9e47c87bb0acb05bf06ae8b6aa/1?pq-origsite=gscholar&cbl=18750
53,5,Gaussian processes in machine learning,"CE Rasmussen - Summer school on machine learning,  - Springer",2003, 22661,https://link.springer.com/chapter/10.1007/978-3-540-28650-9_4
54,6,Distributed graphlab: A framework for machine learning in the cloud,"Y Low, J Gonzalez, A Kyrola, D Bickson… - arXiv preprint arXiv …,  - arxiv.org",2012, 2159,https://arxiv.org/abs/1204.6078
55,7,Machine learning applications in genetics and genomics,"MW Libbrecht, WS Noble - Nature Reviews Genetics,  - nature.com",2015, 1113,https://www.nature.com/articles/nrg3920
56,8,[PDF][PDF] Explanation and justification in machine learning: A survey,"O Biran, C Cotton - IJCAI- workshop on explainable AI (XAI),  - cs.columbia.edu",172017, 389,http://www.cs.columbia.edu/~orb/papers/xai_survey_paper_2017.pdf
57,9,Causality for machine learning,"B Schölkopf - arXiv preprint arXiv:.,  - arxiv.org",1911105002019, 115,https://arxiv.org/abs/1911.10500
58,10,Map-reduce for machine learning on multicore,"C Chu, SK Kim, Y Lin, YY Yu, G Bradski… - Advances in neural …,  - books.google.com",2007, 1744,https://books.google.co.jp/books?hl=ja&lr=lang_ja|lang_en&id=Tbn1l9P1220C&oi=fnd&pg=PA281&dq=machine+learning&ots=V5n6Ahlo0W&sig=VPkUQYgfhpYHubAbQpqEz4tYGCQ
59,1,[書籍][B] Machine learning methods for ecological applications,A Fielding -  - books.google.com,1999, 115,https://books.google.co.jp/books?hl=ja&lr=lang_ja|lang_en&id=wDnU3bZ8NC4C&oi=fnd&pg=PP9&dq=machine+learning&ots=nbnVheBHyx&sig=0td3-_zDuoEgRneqZrfTHBPAXD8
60,2,[書籍][B] C4. 5: programs for machine learning,JR Quinlan -  - books.google.com,2014, 38419,https://books.google.co.jp/books?hl=ja&lr=lang_ja|lang_en&id=b3ujBQAAQBAJ&oi=fnd&pg=PP1&dq=machine+learning&ots=sR4mQMDpH3&sig=xXIgZKRiBQeLd8bJISq2pbMwpSw
61,3,Weka: A machine learning workbench,"G Holmes, A Donkin, IH Witten - Proceedings of ANZIIS' …,  - ieeexplore.ieee.org",941994, 1255,https://ieeexplore.ieee.org/abstract/document/396988/
62,4,[書籍][B] Structural health monitoring: a machine learning perspective,"CR Farrar, K Worden -  - books.google.com",2012, 1173,https://books.google.co.jp/books?hl=ja&lr=lang_ja|lang_en&id=2w_sp6lersUC&oi=fnd&pg=PP11&dq=machine+learning&ots=E3qgyxHuuo&sig=cBvOaj0lKgEAznu-dGSevK_8UE8
63,5,An introduction to machine learning,"H Sahli - TORUS –Toward an Open Resource Using Services …,  - Wiley Online Library",12020, 103,https://onlinelibrary.wiley.com/doi/abs/10.1002/9781119720492.ch7
64,6,Unsupervised machine learning,"R Gentleman, VJ Carey - Bioconductor case studies,  - Springer",2008, 72,https://link.springer.com/chapter/10.1007/978-0-387-77240-0_10
65,7,A survey on bias and fairness in machine learning,"N Mehrabi, F Morstatter, N Saxena, K Lerman… - ACM Computing …,  - dl.acm.org",2021, 509,https://dl.acm.org/doi/abs/10.1145/3457607
66,8,[PDF][PDF] A brief introduction into machine learning,"G Rätsch - Friedrich Miescher Laboratory of the Max Planck …,  - Citeseer",2004, 51,http://citeseerx.ist.psu.edu/viewdoc/download?doi=10.1.1.93.9719&rep=rep1&type=pdf
67,9,[PDF][PDF] Implementation of Breiman's random forest machine learning algorithm,"F Livingston - ECEQ Machine Learning Journal Paper,  - datajobstest.com",5912005, 95,http://datajobstest.com/data-science-repo/Random-Forest-[Frederick-Livingston].pdf
68,10,"[PDF][PDF] A survey on machine learning: concept, algorithms and applications","K Das, RN Behera - … Journal of Innovative Research in Computer …,  - researchgate.net",2017, 123,https://www.researchgate.net/profile/Rabi-Behera-2/publication/316273553_A_Survey_on_Machine_Learning_Concept_Algorithms_and_Applications/links/59017eb94585156502a094fd/A-Survey-on-Machine-Learning-Concept-Algorithms-and-Applications.pdf
69,1,Some studies in machine learning using the game of checkers,"AL Samuel - IBM Journal of research and development,  - ieeexplore.ieee.org",1959, 4190,https://ieeexplore.ieee.org/abstract/document/5392560/
70,2,[書籍][B] Gaussian processes for machine learning,"CK Williams, CE Rasmussen -  - newton.cam.ac.uk",2006, 1590,http://newton.cam.ac.uk/files/seminar/20070809140015001-150844.pdf
71,3, Machine learning in pain research,"J Lötsch, A Ultsch - Pain,  - ncbi.nlm.nih.gov",2018, 71,https://www.ncbi.nlm.nih.gov/pmc/articles/pmc5895117/
72,4,Adversarial machine learning at scale,"A Kurakin, I Goodfellow, S Bengio - arXiv preprint arXiv:.,  - arxiv.org",1611012362016, 1595,https://arxiv.org/abs/1611.01236
73,5,"Machine learning for medical diagnosis: history, state of the art and perspective","I Kononenko - Artificial Intelligence in medicine,  - Elsevier",2001, 1456,https://www.sciencedirect.com/science/article/pii/S093336570100077X
74,6,[書籍][B] Machine learning in bioinformatics,"Y Zhang, JC Rajapakse -  - books.google.com",2009, 85,https://books.google.co.jp/books?hl=ja&lr=lang_ja|lang_en&id=ZvaCEHNVYE4C&oi=fnd&pg=PR5&dq=machine+learning&ots=saGZM8BL8S&sig=frZ91g7H3dxZBZ85JzTt_b-dMyQ
75,7, Machine learning in orthopedics: a literature review,"F Cabitza, A Locoro, G Banfi - Frontiers in bioengineering and …,  - frontiersin.org",2018, 67,https://www.frontiersin.org/articles/10.3389/fbioe.2018.00075/full
76,8,eD octor: machine learning and the future of medicine,"GS Handelman, HK Kok, RV Chandra… - Journal of internal …,  - Wiley Online Library",2018, 90,https://onlinelibrary.wiley.com/doi/abs/10.1111/joim.12822
77,9,Machine-learning techniques and their applications in manufacturing,"DT Pham, AA Afify - Proceedings of the Institution of …,  - journals.sagepub.com",2005, 106,https://journals.sagepub.com/doi/abs/10.1243/095440505X32274
78,10,Quantum machine learning,"J Biamonte, P Wittek, N Pancotti, P Rebentrost… - Nature,  - nature.com",2017, 1362,https://www.nature.com/articles/nature23474
79,1,Machine learning predictive model for industry 4.0,"IS Candanedo, EH Nieves, SR González… - International Conference …,  - Springer",2018, 53,https://link.springer.com/chapter/10.1007/978-3-319-95204-8_42
80,2,Machine learning used by Personal WebWatcher,"D Mladenic, BAP Webwatcher -  - Citeseer",1999, 75,http://citeseerx.ist.psu.edu/viewdoc/summary?doi=10.1.1.43.9141
81,3,[PDF][PDF] SUPERVISED MACHINE LEARNING APPROACHES: A SURVEY.,"I Muhammad, Z Yan - ICTACT Journal on Soft Computing,  - pdfs.semanticscholar.org",2015, 68,https://pdfs.semanticscholar.org/7a89/00156b939d4377ff2e42af13618fed8ed443.pdf
82,4,A study of the behavior of several methods for balancing machine learning training data,"GE Batista, RC Prati, MC Monard - ACM SIGKDD explorations newsletter,  - dl.acm.org",2004, 2826,https://dl.acm.org/doi/abs/10.1145/1007730.1007735
83,5,Quantum chemistry in the age of machine learning,"PO Dral - The journal of physical chemistry letters,  - ACS Publications",2020, 103,https://pubs.acs.org/doi/abs/10.1021/acs.jpclett.9b03664
84,6,[書籍][B] Machine learning and security: Protecting systems with data and algorithms,"C Chio, D Freeman -  - books.google.com",2018, 105,https://books.google.co.jp/books?hl=ja&lr=lang_ja|lang_en&id=mSJJDwAAQBAJ&oi=fnd&pg=PR4&dq=machine+learning&ots=ryJ5vu7S3k&sig=fjXN8cLxwOGnQjHEpjCZcU3cBEc
85,7,Probabilistic machine learning and artificial intelligence,"Z Ghahramani - Nature,  - nature.com",2015, 1201,https://www.nature.com/articles/nature14541
86,8,[書籍][B] Machine learning using R,"K Ramasubramanian, A Singh -  - Springer",2017, 62,https://link.springer.com/content/pdf/10.1007/978-1-4842-4215-5.pdf
87,9, Machine learning applications in cancer prognosis and prediction,"K Kourou, TP Exarchos, KP Exarchos… - Computational and …,  - Elsevier",2015, 1635,https://www.sciencedirect.com/science/article/pii/S2001037014000464
88,10, Estimation of energy consumption in machine learning,"E García-Martín, CF Rodrigues, G Riley… - Journal of Parallel and …,  - Elsevier",2019, 89,https://www.sciencedirect.com/science/article/pii/S0743731518308773
89,1,Universal differential equations for scientific machine learning,"C Rackauckas, Y Ma, J Martensen, C Warner… - arXiv preprint arXiv …,  - arxiv.org",2020, 152,https://arxiv.org/abs/2001.04385
90,2," Predicting the future—big data, machine learning, and clinical medicine","Z Obermeyer, EJ Emanuel - The New England journal of medicine,  - ncbi.nlm.nih.gov",2016, 1435,https://www.ncbi.nlm.nih.gov/pmc/articles/PMC5070532/
91,3, Machine learning: supervised methods,"D Bzdok, M Krzywinski, N Altman - Nature methods,  - ncbi.nlm.nih.gov",2018, 89,https://www.ncbi.nlm.nih.gov/pmc/articles/pmc6082635/
92,4,Integrating physics-based modeling with machine learning: A survey,"J Willard, X Jia, S Xu, M Steinbach, V Kumar - arXiv preprint arXiv …,  - arxiv.org",2020, 71,https://arxiv.org/abs/2003.04919
93,5,[PDF][PDF] Correlation-based feature selection for machine learning,MA Hall -  - cs.waikato.ac.nz,1999, 4092,http://www.cs.waikato.ac.nz/~ml/publications/1999/99MH-Thesis.pdf
94,6,Towards a rigorous science of interpretable machine learning,"F Doshi-Velez, B Kim - arXiv preprint arXiv:.,  - arxiv.org",1702086082017, 1476,https://arxiv.org/abs/1702.08608
95,7,Federated machine learning: Concept and applications,"Q Yang, Y Liu, T Chen, Y Tong - ACM Transactions on Intelligent …,  - dl.acm.org",2019, 1250,https://dl.acm.org/doi/abs/10.1145/3298981
96,8,Machine learning for molecular simulation,"F Noé, A Tkatchenko, KR Müller… - Annual review of …,  - annualreviews.org",2020, 144,https://www.annualreviews.org/doi/abs/10.1146/annurev-physchem-042018-052331
97,9,The what-if tool: Interactive probing of machine learning models,"J Wexler, M Pushkarna, T Bolukbasi… - IEEE transactions on …,  - ieeexplore.ieee.org",2019, 138,https://ieeexplore.ieee.org/abstract/document/8807255/
98,10,Machine learning for high-speed corner detection,"E Rosten, T Drummond - European conference on computer vision,  - Springer",2006, 5443,https://link.springer.com/chapter/10.1007/11744023_34
99,1,Visual human+ machine learning,"R Fuchs, J Waser, ME Groller - IEEE Transactions on …,  - ieeexplore.ieee.org",2009, 64,https://ieeexplore.ieee.org/abstract/document/5290745/
100,2, Solving the electronic structure problem with machine learning,"A Chandrasekaran, D Kamal, R Batra, C Kim… - npj Computational …,  - nature.com",2019, 106,https://www.nature.com/articles/s41524-019-0162-7
101,3,Thumbs up? Sentiment classification using machine learning techniques,"B Pang, L Lee, S Vaithyanathan - arXiv preprint cs/,  - arxiv.org",02050702002, 10698,https://arxiv.org/abs/cs/0205070
102,4,In memoriam: Arthur samuel: Pioneer in machine learning,"J McCarthy, EA Feigenbaum - AI Magazine,  - ojs.aaai.org",1990, 75,https://ojs.aaai.org/index.php/aimagazine/article/view/840
103,5,Machine learning in automated text categorization,"F Sebastiani - ACM computing surveys (CSUR),  - dl.acm.org",2002, 11058,https://dl.acm.org/doi/abs/10.1145/505282.505283
104,6,A study and application on machine learning of artificial intellligence,"M Xue, C Zhu -  International Joint Conference on Artificial …,  - ieeexplore.ieee.org",20092009, 63,https://ieeexplore.ieee.org/abstract/document/5158992/
105,7,[PDF][PDF] How to win with machine learning,"A Agrawal, J Gans, A Goldfarb - Harvard Business Review,  - eli.johogo.com",2020, 4,http://eli.johogo.com/Class/WMU/How_to_win_with_machine_learning.pdf
106,8,Practical black-box attacks against machine learning,"N Papernot, P McDaniel, I Goodfellow, S Jha… - Proceedings of the …,  - dl.acm.org",2017, 1989,https://dl.acm.org/doi/abs/10.1145/3052973.3053009
107,9,Machine learning for the Zwicky transient facility,"A Mahabal, U Rebbapragada, R Walters… - Publications of the …,  - iopscience.iop.org",2019, 73,https://iopscience.iop.org/article/10.1088/1538-3873/aaf3fa/meta
108,10,A survey on distributed machine learning,"J Verbraeken, M Wolting, J Katzy… - ACM Computing …,  - dl.acm.org",2020, 85,https://dl.acm.org/doi/abs/10.1145/3377454
109,1,A survey on application of machine learning for Internet of Things,"L Cui, S Yang, F Chen, Z Ming, N Lu, J Qin - … Journal of Machine Learning …,  - Springer",2018, 83,https://link.springer.com/article/10.1007/s13042-018-0834-5
110,2,[PDF][PDF] Why question machine learning evaluation methods,"N Japkowicz - … workshop on evaluation methods for machine learning,  - aaai.org",2006, 71,https://www.aaai.org/Papers/Workshops/2006/WS-06-06/WS06-06-003.pdf
111,3,A framework for understanding unintended consequences of machine learning,"H Suresh, JV Guttag - arXiv preprint arXiv:.,  - arxiv.org",1901100022019, 120,https://arxiv.org/abs/1901.10002
112,4,Machine learning and its applications: A review,"S Angra, S Ahuja -  International Conference on Big Data …,  - ieeexplore.ieee.org",20172017, 88,https://ieeexplore.ieee.org/abstract/document/8070809/
113,5,Use machine learning to find energy materials,"P De Luna, J Wei, Y Bengio, A Aspuru-Guzik… -  - nature.com",2017, 69,https://www.nature.com/articles/d41586-017-07820-6
114,6,[PDF][PDF] Practical bayesian optimization of machine learning algorithms,"J Snoek, H Larochelle, RP Adams - Advances in neural information …,  - papers.nips.cc",2012, 5120,http://papers.nips.cc/paper/4522-practical-bayesian%20-optimization-of-machine-learning-algorithms.pdf
115,7,A machine learning framework to forecast wave conditions,"SC James, Y Zhang, F O'Donncha - Coastal Engineering,  - Elsevier",2018, 110,https://www.sciencedirect.com/science/article/pii/S0378383917304969
116,8,Deep machine learning-a new frontier in artificial intelligence research [research frontier],"I Arel, DC Rose, TP Karnowski - IEEE computational …,  - ieeexplore.ieee.org",2010, 1262,https://ieeexplore.ieee.org/abstract/document/5605630/
117,9,Machine learning in banking risk management: A literature review,"M Leo, S Sharma, K Maddulety - Risks,  - mdpi.com",2019, 75,https://www.mdpi.com/422530
118,10,Faster and better: A machine learning approach to corner detection,"E Rosten, R Porter, T Drummond - … analysis and machine …,  - ieeexplore.ieee.org",2008, 2148,https://ieeexplore.ieee.org/abstract/document/4674368/
119,1,[PDF][PDF] Auto-sklearn: efficient and robust automated machine learning,"M Feurer, A Klein, K Eggensperger… - … Machine Learning,  - library.oapen.org",2019, 1304,https://library.oapen.org/bitstream/handle/20.500.12657/23012/1007149.pdf#page=119
120,2, Machine learning and medical education,"VB Kolachalama, PS Garg - NPJ digital medicine,  - nature.com",2018, 70,https://www.nature.com/articles/s41746-018-0061-1
121,3,Multiagent systems: A survey from a machine learning perspective,"P Stone, M Veloso - Autonomous Robots,  - Springer",2000, 1761,https://link.springer.com/article/10.1023/A:1008942012299
122,4,Machine learning for combinatorial optimization: a methodological tour d'horizon,"Y Bengio, A Lodi, A Prouvost - European Journal of Operational Research,  - Elsevier",2021, 303,https://www.sciencedirect.com/science/article/pii/S0377221720306895
123,5,Data management challenges in production machine learning,"N Polyzotis, S Roy, SE Whang… - Proceedings of the  …,  - dl.acm.org",20172017, 113,https://dl.acm.org/doi/abs/10.1145/3035918.3054782
124,6,Machine learning techniques for civil engineering problems,"Y Reich - Computer‐Aided Civil and Infrastructure Engineering,  - Wiley Online Library",1997, 98,https://onlinelibrary.wiley.com/doi/abs/10.1111/0885-9507.00065
125,7,Human-centred machine learning,"M Gillies, R Fiebrink, A Tanaka, J Garcia… - Proceedings of the …,  - dl.acm.org",2016, 94,https://dl.acm.org/doi/abs/10.1145/2851581.2856492
126,8,Lessons from archives: Strategies for collecting sociocultural data in machine learning,"ES Jo, T Gebru - Proceedings of the  Conference on Fairness …,  - dl.acm.org",20202020, 74,https://dl.acm.org/doi/abs/10.1145/3351095.3372829
127,9,Machine learning applications in minerals processing: A review,"JT McCoy, L Auret - Minerals Engineering,  - Elsevier",2019, 71,https://www.sciencedirect.com/science/article/pii/S0892687518305430
128,10,Machine learning classifiers and fMRI: a tutorial overview,"F Pereira, T Mitchell, M Botvinick - Neuroimage,  - Elsevier",2009, 1621,https://www.sciencedirect.com/science/article/pii/S1053811908012263
129,1,Measuring corporate culture using machine learning,"K Li, F Mai, R Shen, X Yan - The Review of Financial Studies,  - academic.oup.com",2021, 70,https://academic.oup.com/rfs/article-abstract/34/7/3265/5869446
130,2,Machine learning: an indispensable tool in bioinformatics,"I Inza, B Calvo, R Armañanzas, E Bengoetxea… - … methods in clinical …,  - Springer",2010, 91,https://link.springer.com/protocol/10.1007/978-1-60327-194-3_2
131,3,Optimization methods for large-scale machine learning,"L Bottou, FE Curtis, J Nocedal - Siam Review,  - SIAM",2018, 1810,https://epubs.siam.org/doi/abs/10.1137/16M1080173
132,4,Machine learning in compiler optimization,"Z Wang, M O'Boyle - Proceedings of the IEEE,  - ieeexplore.ieee.org",2018, 115,https://ieeexplore.ieee.org/abstract/document/8357388/
133,5, Machine learning for neural decoding,"JI Glaser, AS Benjamin, RH Chowdhury, MG Perich… - Eneuro,  - ncbi.nlm.nih.gov",2020, 91,https://www.ncbi.nlm.nih.gov/pmc/articles/PMC7470933/
134,6,Flux: Elegant machine learning with Julia,"M Innes - Journal of Open Source Software,  - joss.theoj.org",2018, 123,https://joss.theoj.org/papers/10.21105/joss.00602.pdf
135,7,Machine learning for cognitive network management,"S Ayoubi, N Limam, MA Salahuddin… - IEEE …,  - ieeexplore.ieee.org",2018, 124,https://ieeexplore.ieee.org/abstract/document/8255757/
136,8,Machine learning at central banks,"C Chakraborty, A Joseph -  - papers.ssrn.com",2017, 103,https://papers.ssrn.com/sol3/papers.cfm?abstract_id=3031796
137,9,Machine learning applications in epilepsy,"B Abbasi, DM Goldenholz - Epilepsia,  - Wiley Online Library",2019, 64,https://onlinelibrary.wiley.com/doi/abs/10.1111/epi.16333
138,10,"Artificial intelligence, machine learning and deep learning","P Ongsulee -  th International Conference on ICT and …,  - ieeexplore.ieee.org",2017152017, 88,https://ieeexplore.ieee.org/abstract/document/8259629/
139,1,Understanding the effect of accuracy on trust in machine learning models,"M Yin, J Wortman Vaughan, H Wallach - … of the  chi conference on …,  - dl.acm.org",20192019, 100,https://dl.acm.org/doi/abs/10.1145/3290605.3300509
140,2, Machine learning in neuroimaging: Progress and challenges,"C Davatzikos - Neuroimage,  - ncbi.nlm.nih.gov",2019, 71,https://www.ncbi.nlm.nih.gov/pmc/articles/PMC6499712/
141,3, Machine learning for health services researchers,"P Doupe, J Faghmous, S Basu - Value in Health,  - Elsevier",2019, 65,https://www.sciencedirect.com/science/article/pii/S1098301519301469
142,4, Theory-guided machine learning in materials science,"N Wagner, JM Rondinelli - Frontiers in Materials,  - frontiersin.org",2016, 86,https://www.frontiersin.org/articles/10.3389/fmats.2016.00028/full
143,5,A critical review of machine learning of energy materials,"C Chen, Y Zuo, W Ye, X Li, Z Deng… - Advanced Energy …,  - Wiley Online Library",2020, 99,https://onlinelibrary.wiley.com/doi/abs/10.1002/aenm.201903242
144,6, Comparing different supervised machine learning algorithms for disease prediction,"S Uddin, A Khan, ME Hossain, MA Moni - BMC medical informatics and …,  - Springer",2019, 145,https://link.springer.com/article/10.1186/s12911-019-1004-8
145,7,[PDF][PDF] iml: An R package for interpretable machine learning,"C Molnar, G Casalicchio, B Bischl - Journal of Open Source Software,  - joss.theoj.org",2018, 129,https://joss.theoj.org/papers/10.21105/joss.00786.pdf
146,8,Tensorflow: A system for large-scale machine learning,"M Abadi, P Barham, J Chen, Z Chen, A Davis… - … on operating systems …,  - usenix.org",2016, 23718,https://www.usenix.org/conference/osdi16/technical-sessions/presentation/abadi
147,9,Selecting directors using machine learning,"I Erel, LH Stern, C Tan… - The Review of Financial …,  - academic.oup.com",2021, 60,https://academic.oup.com/rfs/article-abstract/34/7/3226/6239715
148,10,An active role for machine learning in drug development,"RF Murphy - Nature chemical biology,  - nature.com",2011, 112,https://www.nature.com/articles/nchembio.576
149,1,Does machine learning need fuzzy logic?,"E Hüllermeier - Fuzzy Sets and Systems,  - Elsevier",2015, 55,https://www.sciencedirect.com/science/article/pii/S0165011415004133
150,2,"[書籍][B] Computer systems that learn: classification and prediction methods from statistics, neural nets, machine learning, and expert systems","SM Weiss, CA Kulikowski -  - dl.acm.org",1991, 2904,https://dl.acm.org/doi/abs/10.5555/102700
151,3,[書籍][B] Bayesian reasoning and machine learning,D Barber -  - books.google.com,2012, 1832,https://books.google.co.jp/books?hl=ja&lr=lang_ja|lang_en&id=yxZtddB_Ob0C&oi=fnd&pg=PR5&dq=machine+learning&ots=A1SCH87SBm&sig=mdE6GUXl9-2Fko0KAy0L4n0gZCU
152,4,[書籍][B] Machine learning methods for planning,S Minton -  - books.google.com,2014, 86,https://books.google.co.jp/books?hl=ja&lr=lang_ja|lang_en&id=ujKnCQAAQBAJ&oi=fnd&pg=PP1&dq=machine+learning&ots=2fBJ6lSWy9&sig=MC6v-l9lg8_-Ln-6D7yZwyVnLhE
153,5,Cryptography and machine learning,"RL Rivest - International Conference on the Theory and …,  - Springer",1991, 80,https://link.springer.com/chapter/10.1007/3-540-57332-1_36
154,6,Mxnet: A flexible and efficient machine learning library for heterogeneous distributed systems,"T Chen, M Li, Y Li, M Lin, N Wang, M Wang… - arXiv preprint arXiv …,  - arxiv.org",2015, 1836,https://arxiv.org/abs/1512.01274
155,7,A brief introduction to machine learning for engineers,"O Simeone - arXiv preprint arXiv:.,  - arxiv.org",1709028402017, 106,https://arxiv.org/abs/1709.02840
156,8,A machine learning view on profiling,"M Van Otterlo - Privacy, Due Process and the Computational …,  - books.google.com",2013, 58,https://books.google.co.jp/books?hl=ja&lr=lang_ja|lang_en&id=2c9v5-fzU9EC&oi=fnd&pg=PA41&dq=machine+learning&ots=f5GVKoQd7p&sig=Pi2k3qLLQZp_cd5UxItMs633QAo
157,9,Effective end-user interaction with machine learning,"S Amershi, J Fogarty, A Kapoor, D Tan - Proceedings of the AAAI …,  - ojs.aaai.org",2011, 95,https://ojs.aaai.org/index.php/AAAI/article/view/7964
158,10,[書籍][B] First-order and Stochastic Optimization Methods for Machine Learning,G Lan -  - books.google.com,2020, 91,https://books.google.co.jp/books?hl=ja&lr=lang_ja|lang_en&id=7dTkDwAAQBAJ&oi=fnd&pg=PR7&dq=machine+learning&ots=Gn192leDkt&sig=ObnkzxO_ZOEDFG7d4zVmqWh7aAI
159,1, An introduction to MCMC for machine learning,"C Andrieu, N De Freitas, A Doucet, MI Jordan - Machine learning,  - Springer",2003, 2889,https://link.springer.com/article/10.1023/A:1020281327116
160,2,Machine learning techniques for FPS in Q3,"S Zanetti, AE Rhalibi - Proceedings of the  ACM SIGCHI …,  - dl.acm.org",20042004, 61,https://dl.acm.org/doi/abs/10.1145/1067343.1067374
161,3,[PDF][PDF] Machine learning techniques for stock prediction,"VH Shah - Foundations of Machine Learning| Spring,  - ganj-ie.iust.ac.ir",2007, 64,http://ganj-ie.iust.ac.ir:8081/images/5/54/Machine_Learning_Techniques_for_Stock_Prediction.pdf
162,4,[書籍][B] Introduction to statistical machine learning,M Sugiyama -  - books.google.com,2015, 123,https://books.google.co.jp/books?hl=ja&lr=lang_ja|lang_en&id=4YsdCAAAQBAJ&oi=fnd&pg=PP1&dq=machine+learning&ots=Kjnlc1LfAn&sig=g6O1PT3dl-VBpMS9rcBifRwPF1E
163,5, New machine learning method for image-based diagnosis of COVID-19,"MA Elaziz, KM Hosny, A Salah, MM Darwish, S Lu… - Plos one,  - journals.plos.org",2020, 112,https://journals.plos.org/plosone/article?id=10.1371/journal.pone.0235187
164,6,The use of the area under the ROC curve in the evaluation of machine learning algorithms,"AP Bradley - Pattern recognition,  - Elsevier",1997, 5811,https://www.sciencedirect.com/science/article/pii/S0031320396001422
165,7,An optical communication's perspective on machine learning and its applications,"FN Khan, Q Fan, C Lu, APT Lau - Journal of Lightwave …,  - ieeexplore.ieee.org",2019, 125,https://ieeexplore.ieee.org/abstract/document/8633908/
166,8,Genetic algorithms in machine learning,"J Shapiro - Advanced Course on Artificial Intelligence,  - Springer",1999, 63,https://link.springer.com/chapter/10.1007/3-540-44673-7_7
167,9,Chiron: Privacy-preserving machine learning as a service,"T Hunt, C Song, R Shokri, V Shmatikov… - arXiv preprint arXiv …,  - arxiv.org",2018, 112,https://arxiv.org/abs/1803.05961
168,10,Making machine learning models clinically useful,"NH Shah, A Milstein, SC Bagley - Jama,  - jamanetwork.com",2019, 83,https://jamanetwork.com/journals/jama/article-abstract/2748179
169,1,Machine learning: a revolution in risk management and compliance?,"B Van Liebergen - Journal of Financial Transformation,  - ideas.repec.org",2017, 69,https://ideas.repec.org/a/ris/jofitr/1592.html
170,2,Machine learning on big data,"T Condie, P Mineiro, N Polyzotis… -  IEEE th …,  - ieeexplore.ieee.org",2013292013, 82,https://ieeexplore.ieee.org/abstract/document/6544913/
171,3,Machine learning for crystal identification and discovery,"M Spellings, SC Glotzer - AIChE Journal,  - Wiley Online Library",2018, 68,https://aiche.onlinelibrary.wiley.com/doi/abs/10.1002/aic.16157
172,4,On the state of the art in machine learning: A personal review,"PA Flach - Artificial Intelligence,  - Elsevier",2001, 67,https://www.sciencedirect.com/science/article/pii/S0004370201001254
173,5,[書籍][B] Machine learning: a practical approach on the statistical learning theory,"RF Mello, MA Ponti -  - books.google.com",2018, 103,https://books.google.co.jp/books?hl=ja&lr=lang_ja|lang_en&id=fhdnDwAAQBAJ&oi=fnd&pg=PR8&dq=machine+learning&ots=cdc5u3RNFG&sig=Ik_oC92kKVjJw8JJBO3uSzhnxdk
174,6,Machine learning for computational heterogeneous catalysis,"P Schlexer Lamoureux, KT Winther… - …,  - Wiley Online Library",2019, 97,https://chemistry-europe.onlinelibrary.wiley.com/doi/abs/10.1002/cctc.201900595
175,7,Taking human out of learning applications: A survey on automated machine learning,"Q Yao, M Wang, Y Chen, W Dai, YF Li, WW Tu… - arXiv preprint arXiv …,  - arxiv.org",2018, 141,https://arxiv.org/abs/1810.13306
176,8,[PDF][PDF] Classification techniques in machine learning: applications and issues,"AA Soofi, A Awan - Journal of Basic and Applied Sciences,  - pdfs.semanticscholar.org",2017, 60,https://pdfs.semanticscholar.org/2678/e213cec548d278879ceaf01582ee8913cc3f.pdf
177,9,[書籍][B] Machine Learning: A constraint-based approach,M Gori -  - books.google.com,2017, 68,https://books.google.co.jp/books?hl=ja&lr=lang_ja|lang_en&id=A4d4CgAAQBAJ&oi=fnd&pg=PP1&dq=machine+learning&ots=35j68928v6&sig=0PZz6-VLcEce0cgGfiPRV-eyPuo
178,10,A review of relational machine learning for knowledge graphs,"M Nickel, K Murphy, V Tresp… - Proceedings of the …,  - ieeexplore.ieee.org",2015, 1161,https://ieeexplore.ieee.org/abstract/document/7358050/
179,1,[書籍][B] Machine learning with TensorFlow,"N Shukla, K Fricklas -  - manning-content.s.amazonaws …",20183, 69,http://manning-content.s3.amazonaws.com/download/3/e0d6f80-038c-49b5-9c3d-1fd3c3bc9e4c/sample_ch10_Shukla_Maching-Learning_January23.pdf
180,2,Machine learning and deep learning methods for intrusion detection systems: A survey,"H Liu, B Lang - applied sciences,  - mdpi.com",2019, 113,https://www.mdpi.com/555138
181,3,Survey and benchmarking of machine learning accelerators,"A Reuther, P Michaleas, M Jones… -  IEEE high …,  - ieeexplore.ieee.org",20192019, 67,https://ieeexplore.ieee.org/abstract/document/8916327/
182,4,Productivity and selection of human capital with machine learning,"A Chalfin, O Danieli, A Hillis, Z Jelveh, M Luca… - American Economic …,  - aeaweb.org",2016, 118,https://www.aeaweb.org/articles?id=10.1257/aer.p20161029
183,5,An integrated machine learning approach to stroke prediction,"A Khosla, Y Cao, CCY Lin, HK Chiu, J Hu… - Proceedings of the th …,  - dl.acm.org",162010, 124,https://dl.acm.org/doi/abs/10.1145/1835804.1835830
184,6,"Current advances, trends and challenges of machine learning and knowledge extraction: from machine learning to explainable AI","A Holzinger, P Kieseberg, E Weippl… - … for Machine Learning and …,  - Springer",2018, 117,https://link.springer.com/chapter/10.1007/978-3-319-99740-7_1
185,7,Machine learning in adversarial settings,"P McDaniel, N Papernot, ZB Celik - IEEE Security & Privacy,  - ieeexplore.ieee.org",2016, 112,https://ieeexplore.ieee.org/abstract/document/7478523/
186,8,Exploring machine learning methods to automatically identify students in need of assistance,"A Ahadi, R Lister, H Haapala… - Proceedings of the …,  - dl.acm.org",2015, 134,https://dl.acm.org/doi/abs/10.1145/2787622.2787717
187,9,Machine learning for the detection of oil spills in satellite radar images,"M Kubat, RC Holte, S Matwin - Machine learning,  - Springer",1998, 1474,https://link.springer.com/article/10.1023/A:1007452223027
188,10,Machine learning: applications of artificial intelligence to imaging and diagnosis,"JA Nichols, HWH Chan, MAB Baker - Biophysical reviews,  - Springer",2019, 83,https://link.springer.com/article/10.1007/s12551-018-0449-9
189,1,[書籍][B] Machine learning techniques for multimedia: case studies on organization and retrieval,"M Cord, P Cunningham -  - books.google.com",2008, 86,https://books.google.co.jp/books?hl=ja&lr=lang_ja|lang_en&id=uSvYmki2yg0C&oi=fnd&pg=PA2&dq=machine+learning&ots=137wYa4nWF&sig=UEJV6W_45ArLM6OW7HLHPkOiAiE
190,2,CRISPR-based surveillance for COVID-19 using genomically-comprehensive machine learning design,"HC Metsky, CA Freije, TSF Kosoko-Thoroddsen… - BioRxiv,  - biorxiv.org",2020, 57,https://www.biorxiv.org/content/10.1101/2020.02.26.967026v2.abstract
191,3,[PDF][PDF] A machine learning approach to foreign key discovery.,"A Rostin, O Albrecht, J Bauckmann, F Naumann… - WebDB,  - hpi.de",2009, 73,http://hpi.de/fileadmin/user_upload/fachgebiete/naumann/publications/2009/WebDB09_crc.pdf
192,4,Interpretml: A unified framework for machine learning interpretability,"H Nori, S Jenkins, P Koch, R Caruana - arXiv preprint arXiv:.,  - arxiv.org",1909092232019, 85,https://arxiv.org/abs/1909.09223
193,5,[書籍][B] Machine learning for multimedia content analysis,"Y Gong, W Xu -  - books.google.com",2007, 73,https://books.google.co.jp/books?hl=ja&lr=lang_ja|lang_en&id=2hK_ksDCW9wC&oi=fnd&pg=PA1&dq=machine+learning&ots=em6zStv9Ww&sig=tauC9YExRXgFBHRX9vlDnDVfTKE
194,6,Advances and opportunities in machine learning for process data analytics,"SJ Qin, LH Chiang - Computers & Chemical Engineering,  - Elsevier",2019, 101,https://www.sciencedirect.com/science/article/pii/S0098135419302248
195,7,Machine learning for intelligent support of conflict resolution,"KP Sycara - Decision Support Systems,  - Elsevier",1993, 126,https://www.sciencedirect.com/science/article/pii/016792369390034Z
196,8,Evaluation of machine learning algorithms for intrusion detection system,"M Almseidin, M Alzubi, S Kovacs… -  IEEE th …,  - ieeexplore.ieee.org",2017152017, 126,https://ieeexplore.ieee.org/abstract/document/8080566/
197,9,An analytical method for diseases prediction using machine learning techniques,"M Nilashi, O bin Ibrahim, H Ahmadi… - Computers & Chemical …,  - Elsevier",2017, 123,https://www.sciencedirect.com/science/article/pii/S0098135417302570
198,10,[PDF][PDF] Machine Learning methods for E-mail Classification,"WA Awad, SM ELseuofi - International Journal of Computer Applications,  - Citeseer",2011, 42,https://citeseerx.ist.psu.edu/viewdoc/download?doi=10.1.1.206.3185&rep=rep1&type=pdf
199,1,Tensorflow. js: Machine learning for the web and beyond,"D Smilkov, N Thorat, Y Assogba, A Yuan… - arXiv preprint arXiv …,  - arxiv.org",2019, 79,https://arxiv.org/abs/1901.05350
200,2,Introducing machine learning concepts with WEKA,"TC Smith, E Frank - Statistical genomics,  - Springer",2016, 119,https://link.springer.com/content/pdf/10.1007/978-1-4939-3578-9_17.pdf
201,3,Machine Learning and Deep Learning Techniques for Cybersecurity: A Review.,"SA Salloum, M Alshurideh, A Elnagar, K Shaalan - AICV,  - books.google.com",2020, 44,https://books.google.co.jp/books?hl=ja&lr=lang_ja|lang_en&id=ap_YDwAAQBAJ&oi=fnd&pg=PA50&dq=machine+learning&ots=r77YDjgxGi&sig=2bdQ4XZZo_pcsOqFs6H8w1NPITs
202,4,Diannao: A small-footprint high-throughput accelerator for ubiquitous machine-learning,"T Chen, Z Du, N Sun, J Wang, C Wu, Y Chen… - ACM SIGARCH …,  - dl.acm.org",2014, 1281,https://dl.acm.org/doi/abs/10.1145/2654822.2541967
203,5, A case for machine learning to optimize multicore performance,"A Ganapathi, K Datta, A Fox, D Patterson - First USENIX Workshop on …,  - usenix.org",2009, 115,https://www.usenix.org/event/hotpar09/tech/full_papers/ganapathi/ganapathi_html/
204,6,On formalizing fairness in prediction with machine learning,"P Gajane, M Pechenizkiy - arXiv preprint arXiv:.,  - arxiv.org",1710031842017, 105,https://arxiv.org/abs/1710.03184
205,7,Explainable machine learning in deployment,"U Bhatt, A Xiang, S Sharma, A Weller, A Taly… - Proceedings of the …,  - dl.acm.org",2020, 127,https://dl.acm.org/doi/abs/10.1145/3351095.3375624
206,8,[PDF][PDF] Classification of musical genre: a machine learning approach.,"R Basili, A Serafini, A Stellato - ISMIR,  - academia.edu",2004, 103,https://www.academia.edu/download/36143386/GenreClass2_Basili.pdf
207,9,Large-scale machine learning with stochastic gradient descent,"L Bottou - Proceedings of COMPSTAT',  - Springer",20102010, 4898,https://link.springer.com/chapter/10.1007/978-3-7908-2604-3_16
208,10,Atom-density representations for machine learning,"MJ Willatt, F Musil, M Ceriotti - The Journal of chemical physics,  - aip.scitation.org",2019, 85,https://aip.scitation.org/doi/abs/10.1063/1.5090481
209,1,Vizml: A machine learning approach to visualization recommendation,"K Hu, MA Bakker, S Li, T Kraska… - Proceedings of the  …,  - dl.acm.org",20192019, 73,https://dl.acm.org/doi/abs/10.1145/3290605.3300358
210,2,Correlation-based feature selection of discrete and numeric class machine learning,MA Hall -  - researchcommons.waikato.ac.nz,2000, 2249,https://researchcommons.waikato.ac.nz/handle/10289/1024
211,3,[書籍][B] Machine learning in radiation oncology: theory and applications,"I El Naqa, R Li, MJ Murphy -  - books.google.com",2015, 88,https://books.google.co.jp/books?hl=ja&lr=lang_ja|lang_en&id=1N7yCQAAQBAJ&oi=fnd&pg=PR5&dq=machine+learning&ots=n-4k8a7sIY&sig=oLQ8StHMnU98LvPZPfr7SEjw7mk
212,4,Machine learning in bioinformatics: A brief survey and recommendations for practitioners,"H Bhaskar, DC Hoyle, S Singh - Computers in biology and medicine,  - Elsevier",2006, 115,https://www.sciencedirect.com/science/article/pii/S001048250500096X
213,5,Machine learning for catalysis informatics: Recent applications and prospects,"T Toyao, Z Maeno, S Takakusagi, T Kamachi… - Acs …,  - ACS Publications",2019, 88,https://pubs.acs.org/doi/abs/10.1021/acscatal.9b04186
214,6,The promise of machine learning in cybersecurity,"JB Fraley, J Cannady - SoutheastCon ,  - ieeexplore.ieee.org",20172017, 63,https://ieeexplore.ieee.org/abstract/document/7925283/
215,7,Reconciling schemas of disparate data sources: A machine-learning approach,"AH Doan, P Domingos, AY Halevy - Proceedings of the  ACM …,  - dl.acm.org",20012001, 1112,https://dl.acm.org/doi/abs/10.1145/375663.375731
216,8,Machine learning for image based species identification,"J Wäldchen, P Mäder - Methods in Ecology and Evolution,  - Wiley Online Library",2018, 127,https://besjournals.onlinelibrary.wiley.com/doi/abs/10.1111/2041-210X.13075
217,9,Machine learning in proof general: Interfacing interfaces,"E Komendantskaya, J Heras, G Grov - arXiv preprint arXiv:.,  - arxiv.org",121236182012, 54,https://arxiv.org/abs/1212.3618
218,10,Fast and accurate modeling of molecular atomization energies with machine learning,"M Rupp, A Tkatchenko, KR Müller, OA Von Lilienfeld - Physical review letters,  - APS",2012, 1339,https://journals.aps.org/prl/abstract/10.1103/PhysRevLett.108.058301
219,1,Ten challenges in advancing machine learning technologies toward 6G,"N Kato, B Mao, F Tang, Y Kawamoto… - IEEE Wireless …,  - ieeexplore.ieee.org",2020, 95,https://ieeexplore.ieee.org/abstract/document/9061001/
220,2,"Machine learning for 5G/B5G mobile and wireless communications: Potential, limitations, and future directions","ME Morocho-Cayamcela, H Lee, W Lim - IEEE Access,  - ieeexplore.ieee.org",2019, 110,https://ieeexplore.ieee.org/abstract/document/8844682/
221,3,An introduction and overview of machine learning in neurosurgical care,"JT Senders, MM Zaki, AV Karhade, B Chang… - Acta …,  - Springer",2018, 66,https://link.springer.com/article/10.1007/s00701-017-3385-8
222,4,Quantifying the carbon emissions of machine learning,"A Lacoste, A Luccioni, V Schmidt, T Dandres - arXiv preprint arXiv …,  - arxiv.org",2019, 68,https://arxiv.org/abs/1910.09700
223,5,"Machine learning in human movement biomechanics: Best practices, common pitfalls, and new opportunities","E Halilaj, A Rajagopal, M Fiterau, JL Hicks… - Journal of …,  - Elsevier",2018, 123,https://www.sciencedirect.com/science/article/pii/S0021929018307309
224,6,[PS][PS] Application of machine learning to medical diagnosis,"I Kononenko, I Bratko, M Kukar - Machine Learning and Data Mining …,  - lkm.fri.uni-lj.si",1997, 104,http://lkm.fri.uni-lj.si/xaigor/slo/clanki/michal97.ps
225,7,Outside the closed world: On using machine learning for network intrusion detection,"R Sommer, V Paxson -  IEEE symposium on security and …,  - ieeexplore.ieee.org",20102010, 1431,https://ieeexplore.ieee.org/abstract/document/5504793/
226,8,Addressing uncertainty in atomistic machine learning,"AA Peterson, R Christensen, A Khorshidi - … Chemistry Chemical Physics,  - pubs.rsc.org",2017, 92,https://pubs.rsc.org/en/content/articlehtml/2008/cp/c7cp00375g
227,9,Machine learning applications in cell image analysis,"A Kan - Immunology and cell biology,  - Wiley Online Library",2017, 73,https://asi.onlinelibrary.wiley.com/doi/abs/10.1038/icb.2017.16
228,10,Machine learning in sedimentation modelling,"B Bhattacharya, DP Solomatine - Neural Networks,  - Elsevier",2006, 68,https://www.sciencedirect.com/science/article/pii/S089360800600013X
229,1,Interactive and interpretable machine learning models for human machine collaboration,B Kim -  - dspace.mit.edu,2015, 91,https://dspace.mit.edu/handle/1721.1/98680
230,2, Medical dataset classification: a machine learning paradigm integrating particle swarm optimization with extreme learning machine classifier,"CV Subbulakshmi, SN Deepa - The Scientific World Journal,  - hindawi.com",2015, 58,https://www.hindawi.com/journals/tswj/2015/418060/
231,3,[PDF][PDF] A survey of methods for distributed machine learning,"D Peteiro-Barral, B Guijarro-Berdiñas - Progress in Artificial Intelligence,  - Springer",2013, 129,https://link.springer.com/content/pdf/10.1007/s13748-012-0035-5.pdf
232,4,Real-time machine learning: The missing pieces,"R Nishihara, P Moritz, S Wang, A Tumanov… - Proceedings of the th …,  - dl.acm.org",162017, 45,https://dl.acm.org/doi/abs/10.1145/3102980.3102998
233,5, Visible machine learning for biomedicine,"KY Michael, J Ma, J Fisher, JF Kreisberg, BJ Raphael… - Cell,  - Elsevier",2018, 78,https://www.sciencedirect.com/science/article/pii/S0092867418307190
234,6,Machine learning for 3D microscopy,"L Waller, L Tian - Nature,  - nature.com",2015, 50,https://www.nature.com/articles/523416a
235,7,Machine teaching: A new paradigm for building machine learning systems,"PY Simard, S Amershi, DM Chickering… - arXiv preprint arXiv …,  - arxiv.org",2017, 104,https://arxiv.org/abs/1707.06742
236,8,Machine learning in radiology: applications beyond image interpretation,"P Lakhani, AB Prater, RK Hutson, KP Andriole… - Journal of the American …,  - Elsevier",2018, 120,https://www.sciencedirect.com/science/article/pii/S1546144017312875
237,9, Toward systematic review automation: a practical guide to using machine learning tools in research synthesis,"IJ Marshall, BC Wallace - Systematic reviews,  - Springer",2019, 110,https://link.springer.com/article/10.1186/s13643-019-1074-9
238,10,Machine learning in energy economics and finance: A review,"H Ghoddusi, GG Creamer, N Rafizadeh - Energy Economics,  - Elsevier",2019, 76,https://www.sciencedirect.com/science/article/pii/S0140988319301513
239,1,Considerations for evaluation and generalization in interpretable machine learning,"F Doshi-Velez, B Kim - … models in computer vision and machine learning,  - Springer",2018, 68,https://link.springer.com/chapter/10.1007/978-3-319-98131-4_1
240,2,Education 4.0—Fostering student's performance with machine learning methods,"M Ciolacu, AF Tehrani, R Beer… -  IEEE rd …,  - ieeexplore.ieee.org",2017232017, 80,https://ieeexplore.ieee.org/abstract/document/8259941/
241,3,A 42pJ/decision 3.12 TOPS/W robust in-memory machine learning classifier with on-chip training,"SK Gonugondla, M Kang… -  IEEE International …,  - ieeexplore.ieee.org",20182018, 114,https://ieeexplore.ieee.org/abstract/document/8310398/
242,4,Parallel approaches to machine learning—A comprehensive survey,"SR Upadhyaya - Journal of Parallel and Distributed Computing,  - Elsevier",2013, 81,https://www.sciencedirect.com/science/article/pii/S0743731512002705
243,5,Towards machine learning on the semantic web,"V Tresp, M Bundschus, A Rettinger… - Uncertainty reasoning for …,  - Springer",2006, 61,https://link.springer.com/chapter/10.1007/978-3-540-89765-1_17
244,6,[PDF][PDF] An introduction to machine learning,"P Lison - Language Technology Group (LTG),  - nr.no",2015, 475,http://home.nr.no/~plison/pdfs/talks/machinelearning.pdf
245,7,Proximal algorithms in statistics and machine learning,"NG Polson, JG Scott, BT Willard - Statistical Science,  - projecteuclid.org",2015, 93,https://projecteuclid.org/journals/statistical-science/volume-30/issue-4/Proximal-Algorithms-in-Statistics-and-Machine-Learning/10.1214/15-STS530.short
246,8,"Unsupervised machine learning in atomistic simulations, between predictions and understanding","M Ceriotti - The Journal of chemical physics,  - aip.scitation.org",2019, 73,https://aip.scitation.org/doi/abs/10.1063/1.5091842
247,9,Fashion-mnist: a novel image dataset for benchmarking machine learning algorithms,"H Xiao, K Rasul, R Vollgraf - arXiv preprint arXiv:.,  - arxiv.org",1708077472017, 2748,https://arxiv.org/abs/1708.07747
248,10,From machine learning to explainable AI,"A Holzinger -  world symposium on digital intelligence for …,  - ieeexplore.ieee.org",20182018, 131,https://ieeexplore.ieee.org/abstract/document/8490530/
249,1,"[書籍][B] Practical machine learning with H2O: powerful, scalable techniques for deep learning and AI",D Cook -  - books.google.com,2016, 96,https://books.google.co.jp/books?hl=ja&lr=lang_ja|lang_en&id=nJWmDQAAQBAJ&oi=fnd&pg=PP1&dq=machine+learning&ots=9w7a5lPwMy&sig=x5iOpqBNZ0cmg1LTLLz3r6H2Xhc
250,2,Big data analytics and machine learning: 2015 and beyond,"IC Passos, B Mwangi, F Kapczinski - The Lancet Psychiatry,  - thelancet.com",2016, 81,https://www.thelancet.com/journals/lanpsy/article/PIIS2215-0366(15)00549-0/fulltext
251,3,Robust machine learning by median-of-means: theory and practice,"G Lecué, M Lerasle - The Annals of Statistics,  - projecteuclid.org",2020, 78,https://projecteuclid.org/journals/annals-of-statistics/volume-48/issue-2/Robust-machine-learning-by-median-of-means--Theory-and/10.1214/19-AOS1828.short
252,4,"Unsupervised machine learning for networking: Techniques, applications and research challenges","M Usama, J Qadir, A Raza, H Arif, KLA Yau… - IEEE …,  - ieeexplore.ieee.org",2019, 107,https://ieeexplore.ieee.org/abstract/document/8713992/
253,5,[書籍][B] Master Machine Learning Algorithms: discover how they work and implement them from scratch,J Brownlee -  - books.google.com,2016, 138,https://books.google.co.jp/books?hl=ja&lr=lang_ja|lang_en&id=n--oDwAAQBAJ&oi=fnd&pg=PP1&dq=machine+learning&ots=3kiwU4oxz9&sig=97bXkvlkuBHgUN1sxVbcTvc1pPg
254,6,Machine learning for identifying randomized controlled trials: an evaluation and practitioner's guide,"IJ Marshall, A Noel‐Storr, J Kuiper… - Research synthesis …,  - Wiley Online Library",2018, 128,https://onlinelibrary.wiley.com/doi/abs/10.1002/jrsm.1287
255,7,Transferable machine-learning model of the electron density,"A Grisafi, A Fabrizio, B Meyer, DM Wilkins… - ACS central …,  - ACS Publications",2018, 117,https://pubs.acs.org/doi/abs/10.1021/acscentsci.8b00551
256,8,Recent applications of machine learning in medicinal chemistry,"J Panteleev, H Gao, L Jia - Bioorganic & medicinal chemistry letters,  - Elsevier",2018, 53,https://www.sciencedirect.com/science/article/pii/S0960894X1830547X
257,9,A machine learning approach to coreference resolution of noun phrases,"WM Soon, HT Ng, DCY Lim - Computational linguistics,  - direct.mit.edu",2001, 1311,https://direct.mit.edu/coli/article-abstract/27/4/521/1748
258,10,The non-iid data quagmire of decentralized machine learning,"K Hsieh, A Phanishayee, O Mutlu… - … on Machine Learning,  - proceedings.mlr.press",2020, 84,http://proceedings.mlr.press/v119/hsieh20a.html
259,1,Axis: Generating explanations at scale with learnersourcing and machine learning,"JJ Williams, J Kim, A Rafferty, S Maldonado… - … on Learning@ Scale,  - dl.acm.org",2016, 121,https://dl.acm.org/doi/abs/10.1145/2876034.2876042
260,2,Incremental and decremental support vector machine learning,"G Cauwenberghs, T Poggio - Advances in neural information …,  - books.google.com",2001, 1628,https://books.google.co.jp/books?hl=ja&lr=lang_ja|lang_en&id=Mgs2FwtgNxwC&oi=fnd&pg=PA409&dq=machine+learning&ots=EMZIZmgr8A&sig=ca7mE4BWSQ6cdu39aa_1OiwUCeU
261,3, Predictive modelling and analytics for diabetes using a machine learning approach,"H Kaur, V Kumari - Applied computing and informatics,  - emerald.com",2020, 105,https://www.emerald.com/insight/content/doi/10.1016/j.aci.2018.12.004/full/html
262,4,Predicting the location of mobile users: a machine learning approach,"T Anagnostopoulos, C Anagnostopoulos… - Proceedings of the …,  - dl.acm.org",2009, 107,https://dl.acm.org/doi/abs/10.1145/1568199.1568210
263,5,Tensorflow: Large-scale machine learning on heterogeneous distributed systems,"M Abadi, A Agarwal, P Barham, E Brevdo… - arXiv preprint arXiv …,  - arxiv.org",2016, 7080,https://arxiv.org/abs/1603.04467
264,6,A new golden age in computer architecture: Empowering the machine-learning revolution,"J Dean, D Patterson, C Young - IEEE Micro,  - ieeexplore.ieee.org",2018, 122,https://ieeexplore.ieee.org/abstract/document/8259424/
265,7,Bringing machine learning and compositional semantics together,"P Liang, C Potts - Annu. Rev. Linguist.,  - annualreviews.org",2015, 85,https://www.annualreviews.org/doi/abs/10.1146/annurev-linguist-030514-125312
266,8,Opprentice: Towards practical and automatic anomaly detection through machine learning,"D Liu, Y Zhao, H Xu, Y Sun, D Pei, J Luo… - Proceedings of the …,  - dl.acm.org",2015, 132,https://dl.acm.org/doi/abs/10.1145/2815675.2815679
267,9,Machine learning techniques for intrusion detection,"M Zamani, M Movahedi - arXiv preprint arXiv:.,  - arxiv.org",131221772013, 88,https://arxiv.org/abs/1312.2177
268,10,"[書籍][B] Hands-on machine learning with Scikit-Learn, Keras, and TensorFlow: Concepts, tools, and techniques to build intelligent systems",A Géron -  - books.google.com,2019, 2974,https://books.google.co.jp/books?hl=ja&lr=lang_ja|lang_en&id=HHetDwAAQBAJ&oi=fnd&pg=PP1&dq=machine+learning&ots=0LqeYpjhMu&sig=10MrP0c7Kgf-tMoj-_93mQKthac
269,1,Data integration and machine learning: A natural synergy,"XL Dong, T Rekatsinas - … of the  international conference on …,  - dl.acm.org",20182018, 62,https://dl.acm.org/doi/abs/10.1145/3183713.3197387
270,2, Risk estimation and risk prediction using machine-learning methods,"J Kruppa, A Ziegler, IR König - Human genetics,  - Springer",2012, 117,https://link.springer.com/article/10.1007/s00439-012-1194-y
271,3,[PDF][PDF] Machine-learning techniques for customer retention: A comparative study,"SF Sabbeh - … Journal of Advanced Computer Science and …,  - pdfs.semanticscholar.org",2018, 67,https://pdfs.semanticscholar.org/2a9f/505e1ab148aa3d91810f509ee133272be554.pdf
272,4,Practical machine learning with Python,"D Sarkar, R Bali, T Sharma - A Problem-Solvers Guide To Building Real …,  - Springer",2018, 77,https://link.springer.com/content/pdf/10.1007/978-1-4842-3207-1.pdf
273,5,Machine learning methods for analysis of metabolic data and metabolic pathway modeling,"M Cuperlovic-Culf - Metabolites,  - mdpi.com",2018, 86,https://www.mdpi.com/252724
274,6,Using machine learning methods for disambiguating place references in textual documents,"J Santos, I Anastácio, B Martins - GeoJournal,  - Springer",2015, 56,https://link.springer.com/article/10.1007/s10708-014-9553-y
275,7,Machine learning in digital games: a survey,"L Galway, D Charles, M Black - Artificial Intelligence Review,  - Springer",2008, 90,https://link.springer.com/content/pdf/10.1007/s10462-009-9112-y.pdf
276,8, Machine learning for estimation of building energy consumption and performance: a review,"S Seyedzadeh, FP Rahimian, I Glesk… - Visualization in …,  - Springer",2018, 114,https://link.springer.com/article/10.1186/s40327-018-0064-7
277,9,Membership inference attacks against machine learning models,"R Shokri, M Stronati, C Song… -  IEEE Symposium …,  - ieeexplore.ieee.org",20172017, 1312,https://ieeexplore.ieee.org/abstract/document/7958568/
278,10,Exploiting the dynamics of soft materials for machine learning,"K Nakajima, H Hauser, T Li, R Pfeifer - Soft robotics,  - liebertpub.com",2018, 60,https://www.liebertpub.com/doi/abs/10.1089/soro.2017.0075
279,1,API design for machine learning software: experiences from the scikit-learn project,"L Buitinck, G Louppe, M Blondel, F Pedregosa… - arXiv preprint arXiv …,  - arxiv.org",2013, 1402,https://arxiv.org/abs/1309.0238
280,2, Machine-learning the string landscape,"YH He - Physics Letters B,  - Elsevier",2017, 52,https://www.sciencedirect.com/science/article/pii/S0370269317308365
281,3, SoilGrids250m: Global gridded soil information based on machine learning,"T Hengl, J Mendes de Jesus, GBM Heuvelink… - PLoS one,  - journals.plos.org",2017, 1412,https://journals.plos.org/plosone/article?id=10.1371/journal.pone.0169748
282,4,Evaluating machine learning algorithms for automated network application identification,"N Williams, S Zander -  - researchrepository.murdoch.edu.au",2006, 85,https://researchrepository.murdoch.edu.au/id/eprint/36413/
283,5,Data shapley: Equitable valuation of data for machine learning,"A Ghorbani, J Zou - … Conference on Machine Learning,  - proceedings.mlr.press",2019, 118,http://proceedings.mlr.press/v97/ghorbani19c.html
284,6, Image-based cardiac diagnosis with machine learning: a review,"C Martin-Isla, VM Campello, C Izquierdo… - Frontiers in …,  - frontiersin.org",2020, 42,https://www.frontiersin.org/articles/10.3389/fcvm.2020.00001/full
285,7,Literature review: Machine learning techniques applied to financial market prediction,"BM Henrique, VA Sobreiro, H Kimura - Expert Systems with Applications,  - Elsevier",2019, 132,https://www.sciencedirect.com/science/article/pii/S095741741930017X
286,8,A machine learning approach to geochemical mapping,"C Kirkwood, M Cave, D Beamish, S Grebby… - Journal of Geochemical …,  - Elsevier",2016, 59,https://www.sciencedirect.com/science/article/pii/S037567421630098X
287,9,Vizrank: Data visualization guided by machine learning,"G Leban, B Zupan, G Vidmar, I Bratko - Data Mining and Knowledge …,  - Springer",2006, 101,https://link.springer.com/article/10.1007/s10618-005-0031-5
288,10,Machine learning approaches in cardiovascular imaging,"M Henglin, G Stein, PV Hushcha, J Snoek… - Circulation …,  - Am Heart Assoc",2017, 71,https://www.ahajournals.org/doi/abs/10.1161/circimaging.117.005614
